Workbook

Sheet DEMAND_MODEL
A1: DEMAND PLANNING MODEL — Live Dashboard (all cells update automatically)
A2: CRITICAL SKUs | C2: REORDER NOW | E2: HEALTHY | G2: OVERSTOCK | I2: AVG DOS (WTD) | K2: NEAREST OOS DATE
A3: =COUNTIF(AC9:AC16,"CRITICAL") -> 4 | C3: =COUNTIF(AC9:AC16,"REORDER NOW") -> 4 | E3: =COUNTIF(AC9:AC16,"HEALTHY") -> 0 | G3: =COUNTIF(AC9:AC16,"OVERSTOCK") -> 0 | I3: =IFERROR(ROUND(AVERAGEIFS(P9:P16,G9:G16,">"&0,P9:P16,"<"&9000),1),0) -> 22.2 | K3: =IFERROR(TEXT(MIN(T9:T16),"YYYY-MM-DD"),"N/A") -> 2026-04-19
A4: TOTAL WH UNITS | C4: TOTAL PIPELINE | E4: TOTAL IN-TRANSIT | G4: OPEN PO UNITS | I4: TOTAL POSITION | K4: LAST REFRESHED
A5: =SUM(H9:H16) -> 1013 | C5: =SUM(I9:I16) -> 320 | E5: =SUM(J9:J16) -> 10 | G5: =SUMIF(PO_LOG!$L:$L,"<>Received",PO_LOG!$D:$D) -> 252 | I5: =SUM(K9:K16) -> 1343 | K5: =TODAY() -> 46123
A7: IDENTIFIER | D7: SALES VELOCITY | H7: INVENTORY LEVELS | L7: PACK | M7: DAYS OF STOCK (WH) | Q7: TARGETS | S7: OOS DATES | U7: NEXT PO | X7: REORDER CALCULATION | AC7: STATUS | AD7: KPIs | AH7: CONTAINER PLANNING (40FT)
A8: SKU ID | B8: SKU Name | C8: Category | D8: 7D Avg Daily | E8: 30D Avg Daily | F8: 90D Avg Daily | G8: Wtd Avg Daily | H8: WH Available | I8: Pipeline Units | J8: In Transit | K8: Total Position | L8: Case Pack | M8: DOS — 7D | N8: DOS — 30D | O8: DOS — 90D | P8: DOS — Wtd | Q8: Buffer Stock (u) | R8: Annualised Dem. | S8: OOS Date (WH) | T8: OOS Date (Total) | U8: Next PO Arrival | V8: Next PO Units | W8: New OOS Post-PO | X8: Inv. Needed | Y8: Inv. Gap (Total) | Z8: Open PO Units | AA8: Net Gap (After POs) | AB8: Rec. PO Qty (Cases) | AC8: Stock Health | AD8: Inv. Turnover | AE8: Weeks of Cover | AF8: PO Urgency (0-1) | AG8: Overstock Flag | AH8: CBM / Unit | AI8: CBM / Case Pack | AJ8: Rec. PO Units | AK8: Total CBM (PO) | AL8: 40ft Containers Req. | AM8: Container Fill % | AN8: Units / Container | AO8: Weight Check (kg)
A9: SKU-001 | B9: =IFERROR(VLOOKUP(A9,CONFIG!$A$27:$H$34,2,0),"?") -> Wireless Earbuds | C9: =IFERROR(VLOOKUP(A9,CONFIG!$A$27:$H$34,7,0),"?") -> Electronics | D9: =IFERROR(SUMIFS(SALES_DATA!$D:$D,SALES_DATA!$B:$B,A9,SALES_DATA!$A:$A,">="&(TODAY()-7))/7,0) -> 5.5714286 | E9: =IFERROR(SUMIFS(SALES_DATA!$D:$D,SALES_DATA!$B:$B,A9,SALES_DATA!$A:$A,">="&(TODAY()-30))/30,0) -> 5.1333333 | F9: =IFERROR(SUMIFS(SALES_DATA!$D:$D,SALES_DATA!$B:$B,A9,SALES_DATA!$A:$A,">="&(TODAY()-90))/90,0) -> 5 | G9: =IFERROR(D9*CONFIG!$B$20+E9*CONFIG!$B$21+F9*CONFIG!$B$22,0) -> 5.3257143 | H9: =IFERROR(VLOOKUP(A9,INVENTORY!$A:$C,3,0),0) -> 45 | I9: =IFERROR(VLOOKUP(A9,INVENTORY!$A:$D,4,0),0) -> 0 | J9: =IFERROR(VLOOKUP(A9,INVENTORY!$A:$E,5,0),0) -> 0 | K9: =H9+I9+J9 -> 45 | L9: =IFERROR(VLOOKUP(A9,CONFIG!$A$27:$H$34,3,0),1) -> 6 | M9: =IFERROR(H9/D9,9999) -> 8.0769231 | N9: =IFERROR(H9/E9,9999) -> 8.7662338 | O9: =IFERROR(H9/F9,9999) -> 9 | P9: =IFERROR(H9/G9,9999) -> 8.4495708 | Q9: =IFERROR(G9*CONFIG!$B$13,0) -> 79.885714 | R9: =IFERROR(G9*365,0) -> 1943.8857 | S9: =IFERROR(TODAY()+P9,TODAY()) -> 46131.45 | T9: =IFERROR(TODAY()+IFERROR(K9/G9,9999),TODAY()) -> 46131.45 | U9: =IFERROR(minifs(PO_LOG!$K:$K,PO_LOG!$B:$B,A9,PO_LOG!$K:$K,">"&TODAY()),"No open PO") -> No open PO | V9: =IFERROR(IF(U9="No open PO",0,SUMIFS(PO_LOG!$D:$D,PO_LOG!$B:$B,A9,PO_LOG!$K:$K,U9)),0) -> 0 | W9: =IFERROR(IF(U9="No open PO",T9,U9+(H9+V9)/G9),T9) -> 46131.45 | X9: =IFERROR(G9*(CONFIG!$B$9+CONFIG!$B$13),0) -> 463.33714 | Y9: =IFERROR(MAX(0,X9-K9),0) -> 418.33714 | Z9: =IFERROR(SUMIFS(PO_LOG!$D:$D,PO_LOG!$B:$B,A9,PO_LOG!$L:$L,"<>Received"),0) -> 120 | AA9: =IFERROR(MAX(0,Y9-Z9),0) -> 298.33714 | AB9: =IFERROR(IF(AA9=0,0,MAX(CEILING(AA9,L9),IFERROR(VLOOKUP(A9,CONFIG!$A$27:$H$34,4,0),0))),0) -> 300 | AC9: =IF(P9>=9000,"No Sales",IF(P9<CONFIG!$B$13,"CRITICAL",IF(P9<CONFIG!$B$16,"REORDER NOW",IF(P9>CONFIG!$B$14,"OVERSTOCK","HEALTHY")))) -> CRITICAL | AD9: =IFERROR(R9/MAX(H9,1),0) -> 43.19746 | AE9: =IFERROR(IFERROR(K9/G9,0)/7,0) -> 1.2070815 | AF9: =IFERROR(MAX(0,MIN(1,(CONFIG!$B$16-P9)/CONFIG!$B$16)),0) -> 0.9028785 | AG9: =IF(P9>CONFIG!$B$14,"YES","") | AH9: =IFERROR(VLOOKUP(A9,CONFIG!$A$27:$M$34,12,0),0) -> 0.0012 | AI9: =IFERROR(VLOOKUP(A9,CONFIG!$A$27:$M$34,13,0),0) -> 0.0072 | AJ9: =IFERROR(AB9*L9,0) -> 1800 | AK9: =IFERROR(AJ9*AH9,0) -> 2.16 | AL9: =IFERROR(CEILING(AK9/CONFIG!$B$40,1),0) -> 1 | AM9: =IFERROR(IF(AL9=0,0,AK9/(AL9*CONFIG!$B$40)),0) -> 0.037647059 | AN9: =IFERROR(IF(AH9=0,0,FLOOR(CONFIG!$B$40/AH9,L9)),0) -> 47808 | AO9: =IFERROR(AK9*200,0) -> 432
A10: SKU-002 | B10: =IFERROR(VLOOKUP(A10,CONFIG!$A$27:$H$34,2,0),"?") -> Running Shoes | C10: =IFERROR(VLOOKUP(A10,CONFIG!$A$27:$H$34,7,0),"?") -> Apparel | D10: =IFERROR(SUMIFS(SALES_DATA!$D:$D,SALES_DATA!$B:$B,A10,SALES_DATA!$A:$A,">="&(TODAY()-7))/7,0) -> 3.2857143 | E10: =IFERROR(SUMIFS(SALES_DATA!$D:$D,SALES_DATA!$B:$B,A10,SALES_DATA!$A:$A,">="&(TODAY()-30))/30,0) -> 3.0666667 | F10: =IFERROR(SUMIFS(SALES_DATA!$D:$D,SALES_DATA!$B:$B,A10,SALES_DATA!$A:$A,">="&(TODAY()-90))/90,0) -> 3 | G10: =IFERROR(D10*CONFIG!$B$20+E10*CONFIG!$B$21+F10*CONFIG!$B$22,0) -> 3.1628571 | H10: =IFERROR(VLOOKUP(A10,INVENTORY!$A:$C,3,0),0) -> 180 | I10: =IFERROR(VLOOKUP(A10,INVENTORY!$A:$D,4,0),0) -> 0 | J10: =IFERROR(VLOOKUP(A10,INVENTORY!$A:$E,5,0),0) -> 0 | K10: =H10+I10+J10 -> 180 | L10: =IFERROR(VLOOKUP(A10,CONFIG!$A$27:$H$34,3,0),1) -> 4 | M10: =IFERROR(H10/D10,9999) -> 54.782609 | N10: =IFERROR(H10/E10,9999) -> 58.695652 | O10: =IFERROR(H10/F10,9999) -> 60 | P10: =IFERROR(H10/G10,9999) -> 56.910569 | Q10: =IFERROR(G10*CONFIG!$B$13,0) -> 47.442857 | R10: =IFERROR(G10*365,0) -> 1154.4429 | S10: =IFERROR(TODAY()+P10,TODAY()) -> 46179.911 | T10: =IFERROR(TODAY()+IFERROR(K10/G10,9999),TODAY()) -> 46179.911 | U10: =IFERROR(minifs(PO_LOG!$K:$K,PO_LOG!$B:$B,A10,PO_LOG!$K:$K,">"&TODAY()),"No open PO") -> No open PO | V10: =IFERROR(IF(U10="No open PO",0,SUMIFS(PO_LOG!$D:$D,PO_LOG!$B:$B,A10,PO_LOG!$K:$K,U10)),0) -> 0 | W10: =IFERROR(IF(U10="No open PO",T10,U10+(H10+V10)/G10),T10) -> 46179.911 | X10: =IFERROR(G10*(CONFIG!$B$9+CONFIG!$B$13),0) -> 275.16857 | Y10: =IFERROR(MAX(0,X10-K10),0) -> 95.168571 | Z10: =IFERROR(SUMIFS(PO_LOG!$D:$D,PO_LOG!$B:$B,A10,PO_LOG!$L:$L,"<>Received"),0) -> 0 | AA10: =IFERROR(MAX(0,Y10-Z10),0) -> 95.168571 | AB10: =IFERROR(IF(AA10=0,0,MAX(CEILING(AA10,L10),IFERROR(VLOOKUP(A10,CONFIG!$A$27:$H$34,4,0),0))),0) -> 96 | AC10: =IF(P10>=9000,"No Sales",IF(P10<CONFIG!$B$13,"CRITICAL",IF(P10<CONFIG!$B$16,"REORDER NOW",IF(P10>CONFIG!$B$14,"OVERSTOCK","HEALTHY")))) -> REORDER NOW | AD10: =IFERROR(R10/MAX(H10,1),0) -> 6.4135714 | AE10: =IFERROR(IFERROR(K10/G10,0)/7,0) -> 8.1300813 | AF10: =IFERROR(MAX(0,MIN(1,(CONFIG!$B$16-P10)/CONFIG!$B$16)),0) -> 0.34585553 | AG10: =IF(P10>CONFIG!$B$14,"YES","") | AH10: =IFERROR(VLOOKUP(A10,CONFIG!$A$27:$M$34,12,0),0) -> 0.01155 | AI10: =IFERROR(VLOOKUP(A10,CONFIG!$A$27:$M$34,13,0),0) -> 0.0462 | AJ10: =IFERROR(AB10*L10,0) -> 384 | AK10: =IFERROR(AJ10*AH10,0) -> 4.4352 | AL10: =IFERROR(CEILING(AK10/CONFIG!$B$40,1),0) -> 1 | AM10: =IFERROR(IF(AL10=0,0,AK10/(AL10*CONFIG!$B$40)),0) -> 0.077301961 | AN10: =IFERROR(IF(AH10=0,0,FLOOR(CONFIG!$B$40/AH10,L10)),0) -> 4964 | AO10: =IFERROR(AK10*200,0) -> 887.04
A11: SKU-003 | B11: =IFERROR(VLOOKUP(A11,CONFIG!$A$27:$H$34,2,0),"?") -> Water Bottle | C11: =IFERROR(VLOOKUP(A11,CONFIG!$A$27:$H$34,7,0),"?") -> Home | D11: =IFERROR(SUMIFS(SALES_DATA!$D:$D,SALES_DATA!$B:$B,A11,SALES_DATA!$A:$A,">="&(TODAY()-7))/7,0) -> 9 | E11: =IFERROR(SUMIFS(SALES_DATA!$D:$D,SALES_DATA!$B:$B,A11,SALES_DATA!$A:$A,">="&(TODAY()-30))/30,0) -> 8.2333333 | F11: =IFERROR(SUMIFS(SALES_DATA!$D:$D,SALES_DATA!$B:$B,A11,SALES_DATA!$A:$A,">="&(TODAY()-90))/90,0) -> 8 | G11: =IFERROR(D11*CONFIG!$B$20+E11*CONFIG!$B$21+F11*CONFIG!$B$22,0) -> 8.57 | H11: =IFERROR(VLOOKUP(A11,INVENTORY!$A:$C,3,0),0) -> 150 | I11: =IFERROR(VLOOKUP(A11,INVENTORY!$A:$D,4,0),0) -> 120 | J11: =IFERROR(VLOOKUP(A11,INVENTORY!$A:$E,5,0),0) -> 0 | K11: =H11+I11+J11 -> 270 | L11: =IFERROR(VLOOKUP(A11,CONFIG!$A$27:$H$34,3,0),1) -> 12 | M11: =IFERROR(H11/D11,9999) -> 16.666667 | N11: =IFERROR(H11/E11,9999) -> 18.218623 | O11: =IFERROR(H11/F11,9999) -> 18.75 | P11: =IFERROR(H11/G11,9999) -> 17.502917 | Q11: =IFERROR(G11*CONFIG!$B$13,0) -> 128.55 | R11: =IFERROR(G11*365,0) -> 3128.05 | S11: =IFERROR(TODAY()+P11,TODAY()) -> 46140.503 | T11: =IFERROR(TODAY()+IFERROR(K11/G11,9999),TODAY()) -> 46154.505 | U11: =IFERROR(minifs(PO_LOG!$K:$K,PO_LOG!$B:$B,A11,PO_LOG!$K:$K,">"&TODAY()),"No open PO") -> No open PO | V11: =IFERROR(IF(U11="No open PO",0,SUMIFS(PO_LOG!$D:$D,PO_LOG!$B:$B,A11,PO_LOG!$K:$K,U11)),0) -> 0 | W11: =IFERROR(IF(U11="No open PO",T11,U11+(H11+V11)/G11),T11) -> 46154.505 | X11: =IFERROR(G11*(CONFIG!$B$9+CONFIG!$B$13),0) -> 745.59 | Y11: =IFERROR(MAX(0,X11-K11),0) -> 475.59 | Z11: =IFERROR(SUMIFS(PO_LOG!$D:$D,PO_LOG!$B:$B,A11,PO_LOG!$L:$L,"<>Received"),0) -> 0 | AA11: =IFERROR(MAX(0,Y11-Z11),0) -> 475.59 | AB11: =IFERROR(IF(AA11=0,0,MAX(CEILING(AA11,L11),IFERROR(VLOOKUP(A11,CONFIG!$A$27:$H$34,4,0),0))),0) -> 480 | AC11: =IF(P11>=9000,"No Sales",IF(P11<CONFIG!$B$13,"CRITICAL",IF(P11<CONFIG!$B$16,"REORDER NOW",IF(P11>CONFIG!$B$14,"OVERSTOCK","HEALTHY")))) -> REORDER NOW | AD11: =IFERROR(R11/MAX(H11,1),0) -> 20.853667 | AE11: =IFERROR(IFERROR(K11/G11,0)/7,0) -> 4.5007501 | AF11: =IFERROR(MAX(0,MIN(1,(CONFIG!$B$16-P11)/CONFIG!$B$16)),0) -> 0.79881704 | AG11: =IF(P11>CONFIG!$B$14,"YES","") | AH11: =IFERROR(VLOOKUP(A11,CONFIG!$A$27:$M$34,12,0),0) -> 0.0028 | AI11: =IFERROR(VLOOKUP(A11,CONFIG!$A$27:$M$34,13,0),0) -> 0.0336 | AJ11: =IFERROR(AB11*L11,0) -> 5760 | AK11: =IFERROR(AJ11*AH11,0) -> 16.128 | AL11: =IFERROR(CEILING(AK11/CONFIG!$B$40,1),0) -> 1 | AM11: =IFERROR(IF(AL11=0,0,AK11/(AL11*CONFIG!$B$40)),0) -> 0.28109804 | AN11: =IFERROR(IF(AH11=0,0,FLOOR(CONFIG!$B$40/AH11,L11)),0) -> 20484 | AO11: =IFERROR(AK11*200,0) -> 3225.6
A12: SKU-004 | B12: =IFERROR(VLOOKUP(A12,CONFIG!$A$27:$H$34,2,0),"?") -> Yoga Mat | C12: =IFERROR(VLOOKUP(A12,CONFIG!$A$27:$H$34,7,0),"?") -> Fitness | D12: =IFERROR(SUMIFS(SALES_DATA!$D:$D,SALES_DATA!$B:$B,A12,SALES_DATA!$A:$A,">="&(TODAY()-7))/7,0) -> 2.1428571 | E12: =IFERROR(SUMIFS(SALES_DATA!$D:$D,SALES_DATA!$B:$B,A12,SALES_DATA!$A:$A,">="&(TODAY()-30))/30,0) -> 2.0333333 | F12: =IFERROR(SUMIFS(SALES_DATA!$D:$D,SALES_DATA!$B:$B,A12,SALES_DATA!$A:$A,">="&(TODAY()-90))/90,0) -> 2 | G12: =IFERROR(D12*CONFIG!$B$20+E12*CONFIG!$B$21+F12*CONFIG!$B$22,0) -> 2.0814286 | H12: =IFERROR(VLOOKUP(A12,INVENTORY!$A:$C,3,0),0) -> 25 | I12: =IFERROR(VLOOKUP(A12,INVENTORY!$A:$D,4,0),0) -> 0 | J12: =IFERROR(VLOOKUP(A12,INVENTORY!$A:$E,5,0),0) -> 0 | K12: =H12+I12+J12 -> 25 | L12: =IFERROR(VLOOKUP(A12,CONFIG!$A$27:$H$34,3,0),1) -> 10 | M12: =IFERROR(H12/D12,9999) -> 11.666667 | N12: =IFERROR(H12/E12,9999) -> 12.295082 | O12: =IFERROR(H12/F12,9999) -> 12.5 | P12: =IFERROR(H12/G12,9999) -> 12.010981 | Q12: =IFERROR(G12*CONFIG!$B$13,0) -> 31.221429 | R12: =IFERROR(G12*365,0) -> 759.72143 | S12: =IFERROR(TODAY()+P12,TODAY()) -> 46135.011 | T12: =IFERROR(TODAY()+IFERROR(K12/G12,9999),TODAY()) -> 46135.011 | U12: =IFERROR(minifs(PO_LOG!$K:$K,PO_LOG!$B:$B,A12,PO_LOG!$K:$K,">"&TODAY()),"No open PO") -> No open PO | V12: =IFERROR(IF(U12="No open PO",0,SUMIFS(PO_LOG!$D:$D,PO_LOG!$B:$B,A12,PO_LOG!$K:$K,U12)),0) -> 0 | W12: =IFERROR(IF(U12="No open PO",T12,U12+(H12+V12)/G12),T12) -> 46135.011 | X12: =IFERROR(G12*(CONFIG!$B$9+CONFIG!$B$13),0) -> 181.08429 | Y12: =IFERROR(MAX(0,X12-K12),0) -> 156.08429 | Z12: =IFERROR(SUMIFS(PO_LOG!$D:$D,PO_LOG!$B:$B,A12,PO_LOG!$L:$L,"<>Received"),0) -> 30 | AA12: =IFERROR(MAX(0,Y12-Z12),0) -> 126.08429 | AB12: =IFERROR(IF(AA12=0,0,MAX(CEILING(AA12,L12),IFERROR(VLOOKUP(A12,CONFIG!$A$27:$H$34,4,0),0))),0) -> 130 | AC12: =IF(P12>=9000,"No Sales",IF(P12<CONFIG!$B$13,"CRITICAL",IF(P12<CONFIG!$B$16,"REORDER NOW",IF(P12>CONFIG!$B$14,"OVERSTOCK","HEALTHY")))) -> CRITICAL | AD12: =IFERROR(R12/MAX(H12,1),0) -> 30.388857 | AE12: =IFERROR(IFERROR(K12/G12,0)/7,0) -> 1.7158545 | AF12: =IFERROR(MAX(0,MIN(1,(CONFIG!$B$16-P12)/CONFIG!$B$16)),0) -> 0.86194274 | AG12: =IF(P12>CONFIG!$B$14,"YES","") | AH12: =IFERROR(VLOOKUP(A12,CONFIG!$A$27:$M$34,12,0),0) -> 0.014625 | AI12: =IFERROR(VLOOKUP(A12,CONFIG!$A$27:$M$34,13,0),0) -> 0.14625 | AJ12: =IFERROR(AB12*L12,0) -> 1300 | AK12: =IFERROR(AJ12*AH12,0) -> 19.0125 | AL12: =IFERROR(CEILING(AK12/CONFIG!$B$40,1),0) -> 1 | AM12: =IFERROR(IF(AL12=0,0,AK12/(AL12*CONFIG!$B$40)),0) -> 0.33137255 | AN12: =IFERROR(IF(AH12=0,0,FLOOR(CONFIG!$B$40/AH12,L12)),0) -> 3920 | AO12: =IFERROR(AK12*200,0) -> 3802.5
A13: SKU-005 | B13: =IFERROR(VLOOKUP(A13,CONFIG!$A$27:$H$34,2,0),"?") -> Phone Case | C13: =IFERROR(VLOOKUP(A13,CONFIG!$A$27:$H$34,7,0),"?") -> Electronics | D13: =IFERROR(SUMIFS(SALES_DATA!$D:$D,SALES_DATA!$B:$B,A13,SALES_DATA!$A:$A,">="&(TODAY()-7))/7,0) -> 13.571429 | E13: =IFERROR(SUMIFS(SALES_DATA!$D:$D,SALES_DATA!$B:$B,A13,SALES_DATA!$A:$A,">="&(TODAY()-30))/30,0) -> 12.366667 | F13: =IFERROR(SUMIFS(SALES_DATA!$D:$D,SALES_DATA!$B:$B,A13,SALES_DATA!$A:$A,">="&(TODAY()-90))/90,0) -> 12 | G13: =IFERROR(D13*CONFIG!$B$20+E13*CONFIG!$B$21+F13*CONFIG!$B$22,0) -> 12.895714 | H13: =IFERROR(VLOOKUP(A13,INVENTORY!$A:$C,3,0),0) -> 500 | I13: =IFERROR(VLOOKUP(A13,INVENTORY!$A:$D,4,0),0) -> 200 | J13: =IFERROR(VLOOKUP(A13,INVENTORY!$A:$E,5,0),0) -> 0 | K13: =H13+I13+J13 -> 700 | L13: =IFERROR(VLOOKUP(A13,CONFIG!$A$27:$H$34,3,0),1) -> 24 | M13: =IFERROR(H13/D13,9999) -> 36.842105 | N13: =IFERROR(H13/E13,9999) -> 40.431267 | O13: =IFERROR(H13/F13,9999) -> 41.666667 | P13: =IFERROR(H13/G13,9999) -> 38.772571 | Q13: =IFERROR(G13*CONFIG!$B$13,0) -> 193.43571 | R13: =IFERROR(G13*365,0) -> 4706.9357 | S13: =IFERROR(TODAY()+P13,TODAY()) -> 46161.773 | T13: =IFERROR(TODAY()+IFERROR(K13/G13,9999),TODAY()) -> 46177.282 | U13: =IFERROR(minifs(PO_LOG!$K:$K,PO_LOG!$B:$B,A13,PO_LOG!$K:$K,">"&TODAY()),"No open PO") -> No open PO | V13: =IFERROR(IF(U13="No open PO",0,SUMIFS(PO_LOG!$D:$D,PO_LOG!$B:$B,A13,PO_LOG!$K:$K,U13)),0) -> 0 | W13: =IFERROR(IF(U13="No open PO",T13,U13+(H13+V13)/G13),T13) -> 46177.282 | X13: =IFERROR(G13*(CONFIG!$B$9+CONFIG!$B$13),0) -> 1121.9271 | Y13: =IFERROR(MAX(0,X13-K13),0) -> 421.92714 | Z13: =IFERROR(SUMIFS(PO_LOG!$D:$D,PO_LOG!$B:$B,A13,PO_LOG!$L:$L,"<>Received"),0) -> 0 | AA13: =IFERROR(MAX(0,Y13-Z13),0) -> 421.92714 | AB13: =IFERROR(IF(AA13=0,0,MAX(CEILING(AA13,L13),IFERROR(VLOOKUP(A13,CONFIG!$A$27:$H$34,4,0),0))),0) -> 432 | AC13: =IF(P13>=9000,"No Sales",IF(P13<CONFIG!$B$13,"CRITICAL",IF(P13<CONFIG!$B$16,"REORDER NOW",IF(P13>CONFIG!$B$14,"OVERSTOCK","HEALTHY")))) -> REORDER NOW | AD13: =IFERROR(R13/MAX(H13,1),0) -> 9.4138714 | AE13: =IFERROR(IFERROR(K13/G13,0)/7,0) -> 7.7545142 | AF13: =IFERROR(MAX(0,MIN(1,(CONFIG!$B$16-P13)/CONFIG!$B$16)),0) -> 0.55433826 | AG13: =IF(P13>CONFIG!$B$14,"YES","") | AH13: =IFERROR(VLOOKUP(A13,CONFIG!$A$27:$M$34,12,0),0) -> 0.00036 | AI13: =IFERROR(VLOOKUP(A13,CONFIG!$A$27:$M$34,13,0),0) -> 0.00864 | AJ13: =IFERROR(AB13*L13,0) -> 10368 | AK13: =IFERROR(AJ13*AH13,0) -> 3.73248 | AL13: =IFERROR(CEILING(AK13/CONFIG!$B$40,1),0) -> 1 | AM13: =IFERROR(IF(AL13=0,0,AK13/(AL13*CONFIG!$B$40)),0) -> 0.065054118 | AN13: =IFERROR(IF(AH13=0,0,FLOOR(CONFIG!$B$40/AH13,L13)),0) -> 159360 | AO13: =IFERROR(AK13*200,0) -> 746.496
A14: SKU-006 | B14: =IFERROR(VLOOKUP(A14,CONFIG!$A$27:$H$34,2,0),"?") -> Backpack | C14: =IFERROR(VLOOKUP(A14,CONFIG!$A$27:$H$34,7,0),"?") -> Bags | D14: =IFERROR(SUMIFS(SALES_DATA!$D:$D,SALES_DATA!$B:$B,A14,SALES_DATA!$A:$A,">="&(TODAY()-7))/7,0) -> 1 | E14: =IFERROR(SUMIFS(SALES_DATA!$D:$D,SALES_DATA!$B:$B,A14,SALES_DATA!$A:$A,">="&(TODAY()-30))/30,0) -> 1 | F14: =IFERROR(SUMIFS(SALES_DATA!$D:$D,SALES_DATA!$B:$B,A14,SALES_DATA!$A:$A,">="&(TODAY()-90))/90,0) -> 1 | G14: =IFERROR(D14*CONFIG!$B$20+E14*CONFIG!$B$21+F14*CONFIG!$B$22,0) -> 1 | H14: =IFERROR(VLOOKUP(A14,INVENTORY!$A:$C,3,0),0) -> 8 | I14: =IFERROR(VLOOKUP(A14,INVENTORY!$A:$D,4,0),0) -> 0 | J14: =IFERROR(VLOOKUP(A14,INVENTORY!$A:$E,5,0),0) -> 10 | K14: =H14+I14+J14 -> 18 | L14: =IFERROR(VLOOKUP(A14,CONFIG!$A$27:$H$34,3,0),1) -> 2 | M14: =IFERROR(H14/D14,9999) -> 8 | N14: =IFERROR(H14/E14,9999) -> 8 | O14: =IFERROR(H14/F14,9999) -> 8 | P14: =IFERROR(H14/G14,9999) -> 8 | Q14: =IFERROR(G14*CONFIG!$B$13,0) -> 15 | R14: =IFERROR(G14*365,0) -> 365 | S14: =IFERROR(TODAY()+P14,TODAY()) -> 46131 | T14: =IFERROR(TODAY()+IFERROR(K14/G14,9999),TODAY()) -> 46141 | U14: =IFERROR(minifs(PO_LOG!$K:$K,PO_LOG!$B:$B,A14,PO_LOG!$K:$K,">"&TODAY()),"No open PO") -> No open PO | V14: =IFERROR(IF(U14="No open PO",0,SUMIFS(PO_LOG!$D:$D,PO_LOG!$B:$B,A14,PO_LOG!$K:$K,U14)),0) -> 0 | W14: =IFERROR(IF(U14="No open PO",T14,U14+(H14+V14)/G14),T14) -> 46141 | X14: =IFERROR(G14*(CONFIG!$B$9+CONFIG!$B$13),0) -> 87 | Y14: =IFERROR(MAX(0,X14-K14),0) -> 69 | Z14: =IFERROR(SUMIFS(PO_LOG!$D:$D,PO_LOG!$B:$B,A14,PO_LOG!$L:$L,"<>Received"),0) -> 10 | AA14: =IFERROR(MAX(0,Y14-Z14),0) -> 59 | AB14: =IFERROR(IF(AA14=0,0,MAX(CEILING(AA14,L14),IFERROR(VLOOKUP(A14,CONFIG!$A$27:$H$34,4,0),0))),0) -> 60 | AC14: =IF(P14>=9000,"No Sales",IF(P14<CONFIG!$B$13,"CRITICAL",IF(P14<CONFIG!$B$16,"REORDER NOW",IF(P14>CONFIG!$B$14,"OVERSTOCK","HEALTHY")))) -> CRITICAL | AD14: =IFERROR(R14/MAX(H14,1),0) -> 45.625 | AE14: =IFERROR(IFERROR(K14/G14,0)/7,0) -> 2.5714286 | AF14: =IFERROR(MAX(0,MIN(1,(CONFIG!$B$16-P14)/CONFIG!$B$16)),0) -> 0.90804598 | AG14: =IF(P14>CONFIG!$B$14,"YES","") | AH14: =IFERROR(VLOOKUP(A14,CONFIG!$A$27:$M$34,12,0),0) -> 0.0385 | AI14: =IFERROR(VLOOKUP(A14,CONFIG!$A$27:$M$34,13,0),0) -> 0.077 | AJ14: =IFERROR(AB14*L14,0) -> 120 | AK14: =IFERROR(AJ14*AH14,0) -> 4.62 | AL14: =IFERROR(CEILING(AK14/CONFIG!$B$40,1),0) -> 1 | AM14: =IFERROR(IF(AL14=0,0,AK14/(AL14*CONFIG!$B$40)),0) -> 0.080522876 | AN14: =IFERROR(IF(AH14=0,0,FLOOR(CONFIG!$B$40/AH14,L14)),0) -> 1490 | AO14: =IFERROR(AK14*200,0) -> 924
A15: SKU-007 | B15: =IFERROR(VLOOKUP(A15,CONFIG!$A$27:$H$34,2,0),"?") -> Sunglasses | C15: =IFERROR(VLOOKUP(A15,CONFIG!$A$27:$H$34,7,0),"?") -> Accessories | D15: =IFERROR(SUMIFS(SALES_DATA!$D:$D,SALES_DATA!$B:$B,A15,SALES_DATA!$A:$A,">="&(TODAY()-7))/7,0) -> 4.4285714 | E15: =IFERROR(SUMIFS(SALES_DATA!$D:$D,SALES_DATA!$B:$B,A15,SALES_DATA!$A:$A,">="&(TODAY()-30))/30,0) -> 4.1 | F15: =IFERROR(SUMIFS(SALES_DATA!$D:$D,SALES_DATA!$B:$B,A15,SALES_DATA!$A:$A,">="&(TODAY()-90))/90,0) -> 4 | G15: =IFERROR(D15*CONFIG!$B$20+E15*CONFIG!$B$21+F15*CONFIG!$B$22,0) -> 4.2442857 | H15: =IFERROR(VLOOKUP(A15,INVENTORY!$A:$C,3,0),0) -> 60 | I15: =IFERROR(VLOOKUP(A15,INVENTORY!$A:$D,4,0),0) -> 0 | J15: =IFERROR(VLOOKUP(A15,INVENTORY!$A:$E,5,0),0) -> 0 | K15: =H15+I15+J15 -> 60 | L15: =IFERROR(VLOOKUP(A15,CONFIG!$A$27:$H$34,3,0),1) -> 6 | M15: =IFERROR(H15/D15,9999) -> 13.548387 | N15: =IFERROR(H15/E15,9999) -> 14.634146 | O15: =IFERROR(H15/F15,9999) -> 15 | P15: =IFERROR(H15/G15,9999) -> 14.136654 | Q15: =IFERROR(G15*CONFIG!$B$13,0) -> 63.664286 | R15: =IFERROR(G15*365,0) -> 1549.1643 | S15: =IFERROR(TODAY()+P15,TODAY()) -> 46137.137 | T15: =IFERROR(TODAY()+IFERROR(K15/G15,9999),TODAY()) -> 46137.137 | U15: =IFERROR(minifs(PO_LOG!$K:$K,PO_LOG!$B:$B,A15,PO_LOG!$K:$K,">"&TODAY()),"No open PO") -> No open PO | V15: =IFERROR(IF(U15="No open PO",0,SUMIFS(PO_LOG!$D:$D,PO_LOG!$B:$B,A15,PO_LOG!$K:$K,U15)),0) -> 0 | W15: =IFERROR(IF(U15="No open PO",T15,U15+(H15+V15)/G15),T15) -> 46137.137 | X15: =IFERROR(G15*(CONFIG!$B$9+CONFIG!$B$13),0) -> 369.25286 | Y15: =IFERROR(MAX(0,X15-K15),0) -> 309.25286 | Z15: =IFERROR(SUMIFS(PO_LOG!$D:$D,PO_LOG!$B:$B,A15,PO_LOG!$L:$L,"<>Received"),0) -> 60 | AA15: =IFERROR(MAX(0,Y15-Z15),0) -> 249.25286 | AB15: =IFERROR(IF(AA15=0,0,MAX(CEILING(AA15,L15),IFERROR(VLOOKUP(A15,CONFIG!$A$27:$H$34,4,0),0))),0) -> 252 | AC15: =IF(P15>=9000,"No Sales",IF(P15<CONFIG!$B$13,"CRITICAL",IF(P15<CONFIG!$B$16,"REORDER NOW",IF(P15>CONFIG!$B$14,"OVERSTOCK","HEALTHY")))) -> CRITICAL | AD15: =IFERROR(R15/MAX(H15,1),0) -> 25.819405 | AE15: =IFERROR(IFERROR(K15/G15,0)/7,0) -> 2.019522 | AF15: =IFERROR(MAX(0,MIN(1,(CONFIG!$B$16-P15)/CONFIG!$B$16)),0) -> 0.83750972 | AG15: =IF(P15>CONFIG!$B$14,"YES","") | AH15: =IFERROR(VLOOKUP(A15,CONFIG!$A$27:$M$34,12,0),0) -> 0.0024 | AI15: =IFERROR(VLOOKUP(A15,CONFIG!$A$27:$M$34,13,0),0) -> 0.0144 | AJ15: =IFERROR(AB15*L15,0) -> 1512 | AK15: =IFERROR(AJ15*AH15,0) -> 3.6288 | AL15: =IFERROR(CEILING(AK15/CONFIG!$B$40,1),0) -> 1 | AM15: =IFERROR(IF(AL15=0,0,AK15/(AL15*CONFIG!$B$40)),0) -> 0.063247059 | AN15: =IFERROR(IF(AH15=0,0,FLOOR(CONFIG!$B$40/AH15,L15)),0) -> 23904 | AO15: =IFERROR(AK15*200,0) -> 725.76
A16: SKU-008 | B16: =IFERROR(VLOOKUP(A16,CONFIG!$A$27:$H$34,2,0),"?") -> Laptop Stand | C16: =IFERROR(VLOOKUP(A16,CONFIG!$A$27:$H$34,7,0),"?") -> Office | D16: =IFERROR(SUMIFS(SALES_DATA!$D:$D,SALES_DATA!$B:$B,A16,SALES_DATA!$A:$A,">="&(TODAY()-7))/7,0) -> 2.1428571 | E16: =IFERROR(SUMIFS(SALES_DATA!$D:$D,SALES_DATA!$B:$B,A16,SALES_DATA!$A:$A,">="&(TODAY()-30))/30,0) -> 2.0333333 | F16: =IFERROR(SUMIFS(SALES_DATA!$D:$D,SALES_DATA!$B:$B,A16,SALES_DATA!$A:$A,">="&(TODAY()-90))/90,0) -> 2 | G16: =IFERROR(D16*CONFIG!$B$20+E16*CONFIG!$B$21+F16*CONFIG!$B$22,0) -> 2.0814286 | H16: =IFERROR(VLOOKUP(A16,INVENTORY!$A:$C,3,0),0) -> 45 | I16: =IFERROR(VLOOKUP(A16,INVENTORY!$A:$D,4,0),0) -> 0 | J16: =IFERROR(VLOOKUP(A16,INVENTORY!$A:$E,5,0),0) -> 0 | K16: =H16+I16+J16 -> 45 | L16: =IFERROR(VLOOKUP(A16,CONFIG!$A$27:$H$34,3,0),1) -> 4 | M16: =IFERROR(H16/D16,9999) -> 21 | N16: =IFERROR(H16/E16,9999) -> 22.131148 | O16: =IFERROR(H16/F16,9999) -> 22.5 | P16: =IFERROR(H16/G16,9999) -> 21.619767 | Q16: =IFERROR(G16*CONFIG!$B$13,0) -> 31.221429 | R16: =IFERROR(G16*365,0) -> 759.72143 | S16: =IFERROR(TODAY()+P16,TODAY()) -> 46144.62 | T16: =IFERROR(TODAY()+IFERROR(K16/G16,9999),TODAY()) -> 46144.62 | U16: =IFERROR(minifs(PO_LOG!$K:$K,PO_LOG!$B:$B,A16,PO_LOG!$K:$K,">"&TODAY()),"No open PO") -> No open PO | V16: =IFERROR(IF(U16="No open PO",0,SUMIFS(PO_LOG!$D:$D,PO_LOG!$B:$B,A16,PO_LOG!$K:$K,U16)),0) -> 0 | W16: =IFERROR(IF(U16="No open PO",T16,U16+(H16+V16)/G16),T16) -> 46144.62 | X16: =IFERROR(G16*(CONFIG!$B$9+CONFIG!$B$13),0) -> 181.08429 | Y16: =IFERROR(MAX(0,X16-K16),0) -> 136.08429 | Z16: =IFERROR(SUMIFS(PO_LOG!$D:$D,PO_LOG!$B:$B,A16,PO_LOG!$L:$L,"<>Received"),0) -> 32 | AA16: =IFERROR(MAX(0,Y16-Z16),0) -> 104.08429 | AB16: =IFERROR(IF(AA16=0,0,MAX(CEILING(AA16,L16),IFERROR(VLOOKUP(A16,CONFIG!$A$27:$H$34,4,0),0))),0) -> 108 | AC16: =IF(P16>=9000,"No Sales",IF(P16<CONFIG!$B$13,"CRITICAL",IF(P16<CONFIG!$B$16,"REORDER NOW",IF(P16>CONFIG!$B$14,"OVERSTOCK","HEALTHY")))) -> REORDER NOW | AD16: =IFERROR(R16/MAX(H16,1),0) -> 16.882698 | AE16: =IFERROR(IFERROR(K16/G16,0)/7,0) -> 3.0885381 | AF16: =IFERROR(MAX(0,MIN(1,(CONFIG!$B$16-P16)/CONFIG!$B$16)),0) -> 0.75149694 | AG16: =IF(P16>CONFIG!$B$14,"YES","") | AH16: =IFERROR(VLOOKUP(A16,CONFIG!$A$27:$M$34,12,0),0) -> 0.0096 | AI16: =IFERROR(VLOOKUP(A16,CONFIG!$A$27:$M$34,13,0),0) -> 0.0384 | AJ16: =IFERROR(AB16*L16,0) -> 432 | AK16: =IFERROR(AJ16*AH16,0) -> 4.1472 | AL16: =IFERROR(CEILING(AK16/CONFIG!$B$40,1),0) -> 1 | AM16: =IFERROR(IF(AL16=0,0,AK16/(AL16*CONFIG!$B$40)),0) -> 0.072282353 | AN16: =IFERROR(IF(AH16=0,0,FLOOR(CONFIG!$B$40/AH16,L16)),0) -> 5976 | AO16: =IFERROR(AK16*200,0) -> 829.44

Sheet CONTAINER_PLAN
A1: CONTAINER PLANNING DASHBOARD — 40ft Standard Container Optimisation
A2: TOTAL CONTAINERS NEEDED | C2: TOTAL CBM (ALL POs) | E2: AVG CONTAINER FILL % | G2: USABLE CBM / CONTAINER | I2: LOAD EFFICIENCY FACTOR | K2: GROSS VOLUME / CONTAINER
A3: =SUM(DEMAND_MODEL!AL9:AL16) -> 8 | C3: =SUM(DEMAND_MODEL!AK9:AK16) -> 57.86418 | E3: =IFERROR(SUM(DEMAND_MODEL!AK9:AK16)/(SUM(DEMAND_MODEL!AL9:AL16)*CONFIG!$B$40),0) -> 0.12606575 | G3: =CONFIG!$B$40 -> 57.375 | I3: =CONFIG!$B$39 -> 0.85 | K3: =CONFIG!$B$38 -> 67.5
A5: SKU DIMENSION & VOLUME REFERENCE
A6: SKU ID | B6: SKU Name | C6: Length (cm) | D6: Breadth (cm) | E6: Height (cm) | F6: CBM / Unit | G6: Case Pack | H6: CBM / Case Pack | I6: Rec. PO (Cases) | J6: Rec. PO (Units) | K6: Total CBM | L6: Containers Req. | M6: Fill % | N6: Weight Est. (kg)
A7: =DEMAND_MODEL!A9 -> SKU-001 | B7: =DEMAND_MODEL!B9 -> Wireless Earbuds | C7: =IFERROR(VLOOKUP(DEMAND_MODEL!A9,CONFIG!$A$27:$M$34,9,0),0) -> 15 | D7: =IFERROR(VLOOKUP(DEMAND_MODEL!A9,CONFIG!$A$27:$M$34,10,0),0) -> 10 | E7: =IFERROR(VLOOKUP(DEMAND_MODEL!A9,CONFIG!$A$27:$M$34,11,0),0) -> 8 | F7: =DEMAND_MODEL!AH9 -> 0.0012 | G7: =DEMAND_MODEL!L9 -> 6 | H7: =DEMAND_MODEL!AI9 -> 0.0072 | I7: =DEMAND_MODEL!AB9 -> 300 | J7: =DEMAND_MODEL!AJ9 -> 1800 | K7: =DEMAND_MODEL!AK9 -> 2.16 | L7: =DEMAND_MODEL!AL9 -> 1 | M7: =DEMAND_MODEL!AM9 -> 0.037647059 | N7: =DEMAND_MODEL!AO9 -> 432
A8: =DEMAND_MODEL!A10 -> SKU-002 | B8: =DEMAND_MODEL!B10 -> Running Shoes | C8: =IFERROR(VLOOKUP(DEMAND_MODEL!A10,CONFIG!$A$27:$M$34,9,0),0) -> 35 | D8: =IFERROR(VLOOKUP(DEMAND_MODEL!A10,CONFIG!$A$27:$M$34,10,0),0) -> 22 | E8: =IFERROR(VLOOKUP(DEMAND_MODEL!A10,CONFIG!$A$27:$M$34,11,0),0) -> 15 | F8: =DEMAND_MODEL!AH10 -> 0.01155 | G8: =DEMAND_MODEL!L10 -> 4 | H8: =DEMAND_MODEL!AI10 -> 0.0462 | I8: =DEMAND_MODEL!AB10 -> 96 | J8: =DEMAND_MODEL!AJ10 -> 384 | K8: =DEMAND_MODEL!AK10 -> 4.4352 | L8: =DEMAND_MODEL!AL10 -> 1 | M8: =DEMAND_MODEL!AM10 -> 0.077301961 | N8: =DEMAND_MODEL!AO10 -> 887.04
A9: =DEMAND_MODEL!A11 -> SKU-003 | B9: =DEMAND_MODEL!B11 -> Water Bottle | C9: =IFERROR(VLOOKUP(DEMAND_MODEL!A11,CONFIG!$A$27:$M$34,9,0),0) -> 28 | D9: =IFERROR(VLOOKUP(DEMAND_MODEL!A11,CONFIG!$A$27:$M$34,10,0),0) -> 10 | E9: =IFERROR(VLOOKUP(DEMAND_MODEL!A11,CONFIG!$A$27:$M$34,11,0),0) -> 10 | F9: =DEMAND_MODEL!AH11 -> 0.0028 | G9: =DEMAND_MODEL!L11 -> 12 | H9: =DEMAND_MODEL!AI11 -> 0.0336 | I9: =DEMAND_MODEL!AB11 -> 480 | J9: =DEMAND_MODEL!AJ11 -> 5760 | K9: =DEMAND_MODEL!AK11 -> 16.128 | L9: =DEMAND_MODEL!AL11 -> 1 | M9: =DEMAND_MODEL!AM11 -> 0.28109804 | N9: =DEMAND_MODEL!AO11 -> 3225.6
A10: =DEMAND_MODEL!A12 -> SKU-004 | B10: =DEMAND_MODEL!B12 -> Yoga Mat | C10: =IFERROR(VLOOKUP(DEMAND_MODEL!A12,CONFIG!$A$27:$M$34,9,0),0) -> 65 | D10: =IFERROR(VLOOKUP(DEMAND_MODEL!A12,CONFIG!$A$27:$M$34,10,0),0) -> 45 | E10: =IFERROR(VLOOKUP(DEMAND_MODEL!A12,CONFIG!$A$27:$M$34,11,0),0) -> 5 | F10: =DEMAND_MODEL!AH12 -> 0.014625 | G10: =DEMAND_MODEL!L12 -> 10 | H10: =DEMAND_MODEL!AI12 -> 0.14625 | I10: =DEMAND_MODEL!AB12 -> 130 | J10: =DEMAND_MODEL!AJ12 -> 1300 | K10: =DEMAND_MODEL!AK12 -> 19.0125 | L10: =DEMAND_MODEL!AL12 -> 1 | M10: =DEMAND_MODEL!AM12 -> 0.33137255 | N10: =DEMAND_MODEL!AO12 -> 3802.5
A11: =DEMAND_MODEL!A13 -> SKU-005 | B11: =DEMAND_MODEL!B13 -> Phone Case | C11: =IFERROR(VLOOKUP(DEMAND_MODEL!A13,CONFIG!$A$27:$M$34,9,0),0) -> 18 | D11: =IFERROR(VLOOKUP(DEMAND_MODEL!A13,CONFIG!$A$27:$M$34,10,0),0) -> 10 | E11: =IFERROR(VLOOKUP(DEMAND_MODEL!A13,CONFIG!$A$27:$M$34,11,0),0) -> 2 | F11: =DEMAND_MODEL!AH13 -> 0.00036 | G11: =DEMAND_MODEL!L13 -> 24 | H11: =DEMAND_MODEL!AI13 -> 0.00864 | I11: =DEMAND_MODEL!AB13 -> 432 | J11: =DEMAND_MODEL!AJ13 -> 10368 | K11: =DEMAND_MODEL!AK13 -> 3.73248 | L11: =DEMAND_MODEL!AL13 -> 1 | M11: =DEMAND_MODEL!AM13 -> 0.065054118 | N11: =DEMAND_MODEL!AO13 -> 746.496
A12: =DEMAND_MODEL!A14 -> SKU-006 | B12: =DEMAND_MODEL!B14 -> Backpack | C12: =IFERROR(VLOOKUP(DEMAND_MODEL!A14,CONFIG!$A$27:$M$34,9,0),0) -> 55 | D12: =IFERROR(VLOOKUP(DEMAND_MODEL!A14,CONFIG!$A$27:$M$34,10,0),0) -> 35 | E12: =IFERROR(VLOOKUP(DEMAND_MODEL!A14,CONFIG!$A$27:$M$34,11,0),0) -> 20 | F12: =DEMAND_MODEL!AH14 -> 0.0385 | G12: =DEMAND_MODEL!L14 -> 2 | H12: =DEMAND_MODEL!AI14 -> 0.077 | I12: =DEMAND_MODEL!AB14 -> 60 | J12: =DEMAND_MODEL!AJ14 -> 120 | K12: =DEMAND_MODEL!AK14 -> 4.62 | L12: =DEMAND_MODEL!AL14 -> 1 | M12: =DEMAND_MODEL!AM14 -> 0.080522876 | N12: =DEMAND_MODEL!AO14 -> 924
A13: =DEMAND_MODEL!A15 -> SKU-007 | B13: =DEMAND_MODEL!B15 -> Sunglasses | C13: =IFERROR(VLOOKUP(DEMAND_MODEL!A15,CONFIG!$A$27:$M$34,9,0),0) -> 20 | D13: =IFERROR(VLOOKUP(DEMAND_MODEL!A15,CONFIG!$A$27:$M$34,10,0),0) -> 15 | E13: =IFERROR(VLOOKUP(DEMAND_MODEL!A15,CONFIG!$A$27:$M$34,11,0),0) -> 8 | F13: =DEMAND_MODEL!AH15 -> 0.0024 | G13: =DEMAND_MODEL!L15 -> 6 | H13: =DEMAND_MODEL!AI15 -> 0.0144 | I13: =DEMAND_MODEL!AB15 -> 252 | J13: =DEMAND_MODEL!AJ15 -> 1512 | K13: =DEMAND_MODEL!AK15 -> 3.6288 | L13: =DEMAND_MODEL!AL15 -> 1 | M13: =DEMAND_MODEL!AM15 -> 0.063247059 | N13: =DEMAND_MODEL!AO15 -> 725.76
A14: =DEMAND_MODEL!A16 -> SKU-008 | B14: =DEMAND_MODEL!B16 -> Laptop Stand | C14: =IFERROR(VLOOKUP(DEMAND_MODEL!A16,CONFIG!$A$27:$M$34,9,0),0) -> 40 | D14: =IFERROR(VLOOKUP(DEMAND_MODEL!A16,CONFIG!$A$27:$M$34,10,0),0) -> 30 | E14: =IFERROR(VLOOKUP(DEMAND_MODEL!A16,CONFIG!$A$27:$M$34,11,0),0) -> 8 | F14: =DEMAND_MODEL!AH16 -> 0.0096 | G14: =DEMAND_MODEL!L16 -> 4 | H14: =DEMAND_MODEL!AI16 -> 0.0384 | I14: =DEMAND_MODEL!AB16 -> 108 | J14: =DEMAND_MODEL!AJ16 -> 432 | K14: =DEMAND_MODEL!AK16 -> 4.1472 | L14: =DEMAND_MODEL!AL16 -> 1 | M14: =DEMAND_MODEL!AM16 -> 0.072282353 | N14: =DEMAND_MODEL!AO16 -> 829.44
A16: CONTAINER FILL BREAKDOWN — How CBM is distributed across containers per SKU
A17: SKU ID | B17: SKU Name | C17: Container 1 CBM | D17: Container 1 Fill% | E17: Container 2 CBM | F17: Container 2 Fill% | G17: Remaining CBM | H17: Remaining Fill% | I17: Can Consolidate? | J17: CBM Saved if Consolidated | K17: Containers Before | L17: Containers After Consol. | M17: Units Saved / Container | N17: Notes
A18: =DEMAND_MODEL!A9 -> SKU-001 | B18: =DEMAND_MODEL!B9 -> Wireless Earbuds | C18: =IFERROR(MIN(DEMAND_MODEL!AK9,CONFIG!$B$40),0) -> 2.16 | D18: =IFERROR(Q18/CONFIG!$B$40,0) -> 0 | E18: =IFERROR(MAX(0,MIN(DEMAND_MODEL!AK9-CONFIG!$B$40,CONFIG!$B$40)),0) -> 0 | F18: =IFERROR(IF(S18=0,0,S18/CONFIG!$B$40),0) -> 0 | G18: =IFERROR(MAX(0,DEMAND_MODEL!AK9-2*CONFIG!$B$40),0) -> 0 | H18: =IFERROR(IF(U18=0,0,U18/CONFIG!$B$40),0) -> 0 | I18: =IFERROR(IF(DEMAND_MODEL!AL9<=1,"Single container",IF(DEMAND_MODEL!AM9<0.5,"Yes — consolidate","No — well loaded")),"") -> Single container | J18: =IFERROR(DEMAND_MODEL!AL9*CONFIG!$B$40-DEMAND_MODEL!AK9,0) -> 55.215 | K18: =DEMAND_MODEL!AL9 -> 1 | L18: =IFERROR(DEMAND_MODEL!AL9,0) -> 1 | M18: =IFERROR(IF(AB18=0,0,FLOOR(AC18/DEMAND_MODEL!AH9,DEMAND_MODEL!L9)),0) -> 0 | N18: Update LBH in CONFIG to recalculate
A19: =DEMAND_MODEL!A10 -> SKU-002 | B19: =DEMAND_MODEL!B10 -> Running Shoes | C19: =IFERROR(MIN(DEMAND_MODEL!AK10,CONFIG!$B$40),0) -> 4.4352 | D19: =IFERROR(Q19/CONFIG!$B$40,0) -> 0 | E19: =IFERROR(MAX(0,MIN(DEMAND_MODEL!AK10-CONFIG!$B$40,CONFIG!$B$40)),0) -> 0 | F19: =IFERROR(IF(S19=0,0,S19/CONFIG!$B$40),0) -> 0 | G19: =IFERROR(MAX(0,DEMAND_MODEL!AK10-2*CONFIG!$B$40),0) -> 0 | H19: =IFERROR(IF(U19=0,0,U19/CONFIG!$B$40),0) -> 0 | I19: =IFERROR(IF(DEMAND_MODEL!AL10<=1,"Single container",IF(DEMAND_MODEL!AM10<0.5,"Yes — consolidate","No — well loaded")),"") -> Single container | J19: =IFERROR(DEMAND_MODEL!AL10*CONFIG!$B$40-DEMAND_MODEL!AK10,0) -> 52.9398 | K19: =DEMAND_MODEL!AL10 -> 1 | L19: =IFERROR(DEMAND_MODEL!AL10,0) -> 1 | M19: =IFERROR(IF(AB19=0,0,FLOOR(AC19/DEMAND_MODEL!AH10,DEMAND_MODEL!L10)),0) -> 0 | N19: Update LBH in CONFIG to recalculate
A20: =DEMAND_MODEL!A11 -> SKU-003 | B20: =DEMAND_MODEL!B11 -> Water Bottle | C20: =IFERROR(MIN(DEMAND_MODEL!AK11,CONFIG!$B$40),0) -> 16.128 | D20: =IFERROR(Q20/CONFIG!$B$40,0) -> 0 | E20: =IFERROR(MAX(0,MIN(DEMAND_MODEL!AK11-CONFIG!$B$40,CONFIG!$B$40)),0) -> 0 | F20: =IFERROR(IF(S20=0,0,S20/CONFIG!$B$40),0) -> 0 | G20: =IFERROR(MAX(0,DEMAND_MODEL!AK11-2*CONFIG!$B$40),0) -> 0 | H20: =IFERROR(IF(U20=0,0,U20/CONFIG!$B$40),0) -> 0 | I20: =IFERROR(IF(DEMAND_MODEL!AL11<=1,"Single container",IF(DEMAND_MODEL!AM11<0.5,"Yes — consolidate","No — well loaded")),"") -> Single container | J20: =IFERROR(DEMAND_MODEL!AL11*CONFIG!$B$40-DEMAND_MODEL!AK11,0) -> 41.247 | K20: =DEMAND_MODEL!AL11 -> 1 | L20: =IFERROR(DEMAND_MODEL!AL11,0) -> 1 | M20: =IFERROR(IF(AB20=0,0,FLOOR(AC20/DEMAND_MODEL!AH11,DEMAND_MODEL!L11)),0) -> 0 | N20: Update LBH in CONFIG to recalculate
A21: =DEMAND_MODEL!A12 -> SKU-004 | B21: =DEMAND_MODEL!B12 -> Yoga Mat | C21: =IFERROR(MIN(DEMAND_MODEL!AK12,CONFIG!$B$40),0) -> 19.0125 | D21: =IFERROR(Q21/CONFIG!$B$40,0) -> 0 | E21: =IFERROR(MAX(0,MIN(DEMAND_MODEL!AK12-CONFIG!$B$40,CONFIG!$B$40)),0) -> 0 | F21: =IFERROR(IF(S21=0,0,S21/CONFIG!$B$40),0) -> 0 | G21: =IFERROR(MAX(0,DEMAND_MODEL!AK12-2*CONFIG!$B$40),0) -> 0 | H21: =IFERROR(IF(U21=0,0,U21/CONFIG!$B$40),0) -> 0 | I21: =IFERROR(IF(DEMAND_MODEL!AL12<=1,"Single container",IF(DEMAND_MODEL!AM12<0.5,"Yes — consolidate","No — well loaded")),"") -> Single container | J21: =IFERROR(DEMAND_MODEL!AL12*CONFIG!$B$40-DEMAND_MODEL!AK12,0) -> 38.3625 | K21: =DEMAND_MODEL!AL12 -> 1 | L21: =IFERROR(DEMAND_MODEL!AL12,0) -> 1 | M21: =IFERROR(IF(AB21=0,0,FLOOR(AC21/DEMAND_MODEL!AH12,DEMAND_MODEL!L12)),0) -> 0 | N21: Update LBH in CONFIG to recalculate
A22: =DEMAND_MODEL!A13 -> SKU-005 | B22: =DEMAND_MODEL!B13 -> Phone Case | C22: =IFERROR(MIN(DEMAND_MODEL!AK13,CONFIG!$B$40),0) -> 3.73248 | D22: =IFERROR(Q22/CONFIG!$B$40,0) -> 0 | E22: =IFERROR(MAX(0,MIN(DEMAND_MODEL!AK13-CONFIG!$B$40,CONFIG!$B$40)),0) -> 0 | F22: =IFERROR(IF(S22=0,0,S22/CONFIG!$B$40),0) -> 0 | G22: =IFERROR(MAX(0,DEMAND_MODEL!AK13-2*CONFIG!$B$40),0) -> 0 | H22: =IFERROR(IF(U22=0,0,U22/CONFIG!$B$40),0) -> 0 | I22: =IFERROR(IF(DEMAND_MODEL!AL13<=1,"Single container",IF(DEMAND_MODEL!AM13<0.5,"Yes — consolidate","No — well loaded")),"") -> Single container | J22: =IFERROR(DEMAND_MODEL!AL13*CONFIG!$B$40-DEMAND_MODEL!AK13,0) -> 53.64252 | K22: =DEMAND_MODEL!AL13 -> 1 | L22: =IFERROR(DEMAND_MODEL!AL13,0) -> 1 | M22: =IFERROR(IF(AB22=0,0,FLOOR(AC22/DEMAND_MODEL!AH13,DEMAND_MODEL!L13)),0) -> 0 | N22: Update LBH in CONFIG to recalculate
A23: =DEMAND_MODEL!A14 -> SKU-006 | B23: =DEMAND_MODEL!B14 -> Backpack | C23: =IFERROR(MIN(DEMAND_MODEL!AK14,CONFIG!$B$40),0) -> 4.62 | D23: =IFERROR(Q23/CONFIG!$B$40,0) -> 0 | E23: =IFERROR(MAX(0,MIN(DEMAND_MODEL!AK14-CONFIG!$B$40,CONFIG!$B$40)),0) -> 0 | F23: =IFERROR(IF(S23=0,0,S23/CONFIG!$B$40),0) -> 0 | G23: =IFERROR(MAX(0,DEMAND_MODEL!AK14-2*CONFIG!$B$40),0) -> 0 | H23: =IFERROR(IF(U23=0,0,U23/CONFIG!$B$40),0) -> 0 | I23: =IFERROR(IF(DEMAND_MODEL!AL14<=1,"Single container",IF(DEMAND_MODEL!AM14<0.5,"Yes — consolidate","No — well loaded")),"") -> Single container | J23: =IFERROR(DEMAND_MODEL!AL14*CONFIG!$B$40-DEMAND_MODEL!AK14,0) -> 52.755 | K23: =DEMAND_MODEL!AL14 -> 1 | L23: =IFERROR(DEMAND_MODEL!AL14,0) -> 1 | M23: =IFERROR(IF(AB23=0,0,FLOOR(AC23/DEMAND_MODEL!AH14,DEMAND_MODEL!L14)),0) -> 0 | N23: Update LBH in CONFIG to recalculate
A24: =DEMAND_MODEL!A15 -> SKU-007 | B24: =DEMAND_MODEL!B15 -> Sunglasses | C24: =IFERROR(MIN(DEMAND_MODEL!AK15,CONFIG!$B$40),0) -> 3.6288 | D24: =IFERROR(Q24/CONFIG!$B$40,0) -> 0 | E24: =IFERROR(MAX(0,MIN(DEMAND_MODEL!AK15-CONFIG!$B$40,CONFIG!$B$40)),0) -> 0 | F24: =IFERROR(IF(S24=0,0,S24/CONFIG!$B$40),0) -> 0 | G24: =IFERROR(MAX(0,DEMAND_MODEL!AK15-2*CONFIG!$B$40),0) -> 0 | H24: =IFERROR(IF(U24=0,0,U24/CONFIG!$B$40),0) -> 0 | I24: =IFERROR(IF(DEMAND_MODEL!AL15<=1,"Single container",IF(DEMAND_MODEL!AM15<0.5,"Yes — consolidate","No — well loaded")),"") -> Single container | J24: =IFERROR(DEMAND_MODEL!AL15*CONFIG!$B$40-DEMAND_MODEL!AK15,0) -> 53.7462 | K24: =DEMAND_MODEL!AL15 -> 1 | L24: =IFERROR(DEMAND_MODEL!AL15,0) -> 1 | M24: =IFERROR(IF(AB24=0,0,FLOOR(AC24/DEMAND_MODEL!AH15,DEMAND_MODEL!L15)),0) -> 0 | N24: Update LBH in CONFIG to recalculate
A25: =DEMAND_MODEL!A16 -> SKU-008 | B25: =DEMAND_MODEL!B16 -> Laptop Stand | C25: =IFERROR(MIN(DEMAND_MODEL!AK16,CONFIG!$B$40),0) -> 4.1472 | D25: =IFERROR(Q25/CONFIG!$B$40,0) -> 0 | E25: =IFERROR(MAX(0,MIN(DEMAND_MODEL!AK16-CONFIG!$B$40,CONFIG!$B$40)),0) -> 0 | F25: =IFERROR(IF(S25=0,0,S25/CONFIG!$B$40),0) -> 0 | G25: =IFERROR(MAX(0,DEMAND_MODEL!AK16-2*CONFIG!$B$40),0) -> 0 | H25: =IFERROR(IF(U25=0,0,U25/CONFIG!$B$40),0) -> 0 | I25: =IFERROR(IF(DEMAND_MODEL!AL16<=1,"Single container",IF(DEMAND_MODEL!AM16<0.5,"Yes — consolidate","No — well loaded")),"") -> Single container | J25: =IFERROR(DEMAND_MODEL!AL16*CONFIG!$B$40-DEMAND_MODEL!AK16,0) -> 53.2278 | K25: =DEMAND_MODEL!AL16 -> 1 | L25: =IFERROR(DEMAND_MODEL!AL16,0) -> 1 | M25: =IFERROR(IF(AB25=0,0,FLOOR(AC25/DEMAND_MODEL!AH16,DEMAND_MODEL!L16)),0) -> 0 | N25: Update LBH in CONFIG to recalculate

Sheet CONFIG
A1: DEMAND PLANNING MODEL — Configuration & Master Data
A3: LEAD TIMES
A4: Supplier production lead time | B4: 30 | C4: days
A5: Supplier to origin port | B5: 7 | C5: days
A6: Port to port (ocean transit) | B6: 28 | C6: days
A7: Port to destination warehouse | B7: 5 | C7: days
A8: Warehouse receiving & putaway | B8: 2 | C8: days
A9: Total lead time | B9: =SUM(B4:B8) -> 72 | C9: days — DO NOT EDIT
A10: Reorder review cycle | B10: 14 | C10: days
A12: STOCK POLICY
A13: Buffer / safety stock (days) | B13: 15 | C13: days — adjust per client
A14: Overstock threshold (days) | B14: 90 | C14: DOS above = overstock
A15: Critical stock threshold (days) | B15: =B13 -> 15 | C15: same as buffer
A16: Reorder trigger (days) | B16: =B9+B13 -> 87 | C16: total lead time + buffer
A17: Target days of stock | B17: 45 | C17: planning target
A19: SALES VELOCITY WEIGHTS
A20: 7-day weight (recent trend) | B20: 0.5 | C20: 50%
A21: 30-day weight (medium-term) | B21: 0.3 | C21: 30%
A22: 90-day weight (smooths outliers) | B22: 0.2 | C22: 20%
A23: Validation — must total 100% | B23: =B20+B21+B22 -> 1 | C23: must = 100%
A25: SKU MASTER TABLE
A26: SKU_ID | B26: SKU_Name | C26: Case_Pack | D26: Min_Order_Qty | E26: Supplier | F26: Lead_Time_Override | G26: Category | H26: Active | I26: Length_cm | J26: Breadth_cm | K26: Height_cm | L26: CBM_per_Unit | M26: CBM_per_CasePack
A27: SKU-001 | B27: Wireless Earbuds | C27: 6 | D27: 12 | E27: TechSupply Co | G27: Electronics | H27: Yes | I27: 15 | J27: 10 | K27: 8 | L27: =IFERROR((I27*J27*K27)/1000000,0) -> 0.0012 | M27: =IFERROR(L27*C27,0) -> 0.0072
A28: SKU-002 | B28: Running Shoes | C28: 4 | D28: 8 | E28: FootwearPro | F28: 45 | G28: Apparel | H28: Yes | I28: 35 | J28: 22 | K28: 15 | L28: =IFERROR((I28*J28*K28)/1000000,0) -> 0.01155 | M28: =IFERROR(L28*C28,0) -> 0.0462
A29: SKU-003 | B29: Water Bottle | C29: 12 | D29: 24 | E29: HomeGoods Ltd | G29: Home | H29: Yes | I29: 28 | J29: 10 | K29: 10 | L29: =IFERROR((I29*J29*K29)/1000000,0) -> 0.0028 | M29: =IFERROR(L29*C29,0) -> 0.0336
A30: SKU-004 | B30: Yoga Mat | C30: 10 | D30: 10 | E30: SportSupply | G30: Fitness | H30: Yes | I30: 65 | J30: 45 | K30: 5 | L30: =IFERROR((I30*J30*K30)/1000000,0) -> 0.014625 | M30: =IFERROR(L30*C30,0) -> 0.14625
A31: SKU-005 | B31: Phone Case | C31: 24 | D31: 48 | E31: TechSupply Co | G31: Electronics | H31: Yes | I31: 18 | J31: 10 | K31: 2 | L31: =IFERROR((I31*J31*K31)/1000000,0) -> 0.00036 | M31: =IFERROR(L31*C31,0) -> 0.00864
A32: SKU-006 | B32: Backpack | C32: 2 | D32: 4 | E32: TravelGear Inc | F32: 50 | G32: Bags | H32: Yes | I32: 55 | J32: 35 | K32: 20 | L32: =IFERROR((I32*J32*K32)/1000000,0) -> 0.0385 | M32: =IFERROR(L32*C32,0) -> 0.077
A33: SKU-007 | B33: Sunglasses | C33: 6 | D33: 12 | E33: StyleCo | G33: Accessories | H33: Yes | I33: 20 | J33: 15 | K33: 8 | L33: =IFERROR((I33*J33*K33)/1000000,0) -> 0.0024 | M33: =IFERROR(L33*C33,0) -> 0.0144
A34: SKU-008 | B34: Laptop Stand | C34: 4 | D34: 8 | E34: OfficeSupply | G34: Office | H34: Yes | I34: 40 | J34: 30 | K34: 8 | L34: =IFERROR((I34*J34*K34)/1000000,0) -> 0.0096 | M34: =IFERROR(L34*C34,0) -> 0.0384
A37: CONTAINER SPECIFICATIONS (40FT STANDARD)
A38: 40ft container — gross internal volume (CBM) | B38: 67.5 | C38: m³ — L 12.03 × W 2.35 × H 2.39
A39: Load efficiency factor | B39: 0.85 | C39: % — accounts for packing gaps
A40: 40ft usable volume (CBM) | B40: =B38*B39 -> 57.375 | C40: m³ — effective capacity
A41: Max gross weight (kg) | B41: 26500 | C41: kg — standard 40ft payload

Sheet SALES_DATA
A1: SALES DATA — Raw transaction log. Newest rows at top. Add rows here.
A2: Date | B2: SKU_ID | C2: SKU_Name | D2: Units_Sold | E2: Channel | F2: Notes
A3: 46034 | B3: SKU-001 | C3: Wireless Earbuds | D3: 6 | E3: B2B
A4: 46034 | B4: SKU-002 | C4: Running Shoes | D4: 4 | E4: Direct
A5: 46034 | B5: SKU-003 | C5: Water Bottle | D5: 9 | E5: Amazon
A6: 46034 | B6: SKU-004 | C6: Yoga Mat | D6: 3 | E6: Wholesale
A7: 46034 | B7: SKU-005 | C7: Phone Case | D7: 13 | E7: Retail
A8: 46034 | B8: SKU-006 | C8: Backpack | D8: 2 | E8: B2B
A9: 46034 | B9: SKU-007 | C9: Sunglasses | D9: 5 | E9: Direct
A10: 46034 | B10: SKU-008 | C10: Laptop Stand | D10: 3 | E10: Amazon
A11: 46035 | B11: SKU-001 | C11: Wireless Earbuds | D11: 5 | E11: Retail
A12: 46035 | B12: SKU-002 | C12: Running Shoes | D12: 3 | E12: B2B
A13: 46035 | B13: SKU-003 | C13: Water Bottle | D13: 8 | E13: Direct
A14: 46035 | B14: SKU-004 | C14: Yoga Mat | D14: 2 | E14: Amazon
... A722: 46123 | B722: SKU-008 | C722: Laptop Stand | D722: 1 | E722: Wholesale

Sheet INVENTORY
A1: INVENTORY SNAPSHOT — Update from WMS/ERP. Case pack auto-fills from CONFIG.
A2: SKU_ID | B2: SKU_Name | C2: WH_Available | D2: Pipeline_Units | E2: In_Transit_Units | F2: In_Transit_Expected | G2: Pipeline_Expected | H2: Last_Updated | I2: Case_Pack | J2: Notes
A3: SKU-001 | B3: Wireless Earbuds | C3: 45 | D3: 0 | E3: 0 | H3: 46123 | I3: =IFERROR(VLOOKUP(A3,CONFIG!$A$27:$H$34,3,0),1) -> 6 | J3: PO-001 in production
A4: SKU-002 | B4: Running Shoes | C4: 180 | D4: 0 | E4: 0 | H4: 46123 | I4: =IFERROR(VLOOKUP(A4,CONFIG!$A$27:$H$34,3,0),1) -> 4 | J4: Healthy — PO-005 received
A5: SKU-003 | B5: Water Bottle | C5: 150 | D5: 120 | E5: 0 | G5: 46158 | H5: 46123 | I5: =IFERROR(VLOOKUP(A5,CONFIG!$A$27:$H$34,3,0),1) -> 12 | J5: Strong — pipeline incoming
A6: SKU-004 | B6: Yoga Mat | C6: 25 | D6: 0 | E6: 0 | H6: 46123 | I6: =IFERROR(VLOOKUP(A6,CONFIG!$A$27:$H$34,3,0),1) -> 10 | J6: Critical — PO-002 in ocean transit
A7: SKU-005 | B7: Phone Case | C7: 500 | D7: 200 | E7: 0 | G7: 46143 | H7: 46123 | I7: =IFERROR(VLOOKUP(A7,CONFIG!$A$27:$H$34,3,0),1) -> 24 | J7: Healthy — strong position
A8: SKU-006 | B8: Backpack | C8: 8 | D8: 0 | E8: 10 | F8: 46127 | H8: 46123 | I8: =IFERROR(VLOOKUP(A8,CONFIG!$A$27:$H$34,3,0),1) -> 2 | J8: Critical — in-transit arriving D+4
A9: SKU-007 | B9: Sunglasses | C9: 60 | D9: 0 | E9: 0 | H9: 46123 | I9: =IFERROR(VLOOKUP(A9,CONFIG!$A$27:$H$34,3,0),1) -> 6 | J9: Monitor — PO-006 in production
A10: SKU-008 | B10: Laptop Stand | C10: 45 | D10: 0 | E10: 0 | H10: 46123 | I10: =IFERROR(VLOOKUP(A10,CONFIG!$A$27:$H$34,3,0),1) -> 4 | J10: Reorder — PO-004 at warehouse D+1

Sheet PO_LOG
A1: PURCHASE ORDER LOG — Add new POs in columns A–F only. All other columns auto-calculate.
A2: PO_Number | B2: SKU_ID | C2: SKU_Name | D2: Units_Ordered | E2: Case_Packs | F2: Order_Date | G2: Production_Complete | H2: Origin_Port_Depart | I2: Dest_Port_Arrival | J2: WH_Arrival | K2: Available_To_Sell | L2: Status
A3: PO-001 | B3: SKU-001 | C3: =IFERROR(VLOOKUP(B3,CONFIG!$A$27:$H$34,2,0),"") -> Wireless Earbuds | D3: 120 | E3: =IFERROR(D3/VLOOKUP(B3,CONFIG!$A$27:$H$34,3,0),0) -> 20 | F3: 46103 | G3: =F3+CONFIG!$B$4 -> 46133 | H3: =G3+CONFIG!$B$5 -> 46140 | I3: =H3+CONFIG!$B$6 -> 46168 | J3: =I3+CONFIG!$B$7 -> 46173 | K3: =J3+CONFIG!$B$8 -> 46175 | L3: =IF(K3<TODAY(),"Received",IF(J3<TODAY(),"At Warehouse",IF(I3<TODAY(),"Port to Warehouse",IF(H3<TODAY(),"Ocean Transit",IF(G3<TODAY(),"Origin Port","In Production"))))) -> In Production
A4: PO-002 | B4: SKU-004 | C4: =IFERROR(VLOOKUP(B4,CONFIG!$A$27:$H$34,2,0),"") -> Yoga Mat | D4: 30 | E4: =IFERROR(D4/VLOOKUP(B4,CONFIG!$A$27:$H$34,3,0),0) -> 3 | F4: 46078 | G4: =F4+CONFIG!$B$4 -> 46108 | H4: =G4+CONFIG!$B$5 -> 46115 | I4: =H4+CONFIG!$B$6 -> 46143 | J4: =I4+CONFIG!$B$7 -> 46148 | K4: =J4+CONFIG!$B$8 -> 46150 | L4: =IF(K4<TODAY(),"Received",IF(J4<TODAY(),"At Warehouse",IF(I4<TODAY(),"Port to Warehouse",IF(H4<TODAY(),"Ocean Transit",IF(G4<TODAY(),"Origin Port","In Production"))))) -> Ocean Transit
A5: PO-003 | B5: SKU-006 | C5: =IFERROR(VLOOKUP(B5,CONFIG!$A$27:$H$34,2,0),"") -> Backpack | D5: 10 | E5: =IFERROR(D5/VLOOKUP(B5,CONFIG!$A$27:$H$34,3,0),0) -> 5 | F5: 46055 | G5: =F5+CONFIG!$B$4 -> 46085 | H5: =G5+CONFIG!$B$5 -> 46092 | I5: =H5+CONFIG!$B$6 -> 46120 | J5: =I5+CONFIG!$B$7 -> 46125 | K5: =J5+CONFIG!$B$8 -> 46127 | L5: =IF(K5<TODAY(),"Received",IF(J5<TODAY(),"At Warehouse",IF(I5<TODAY(),"Port to Warehouse",IF(H5<TODAY(),"Ocean Transit",IF(G5<TODAY(),"Origin Port","In Production"))))) -> Port to Warehouse
A6: PO-004 | B6: SKU-008 | C6: =IFERROR(VLOOKUP(B6,CONFIG!$A$27:$H$34,2,0),"") -> Laptop Stand | D6: 32 | E6: =IFERROR(D6/VLOOKUP(B6,CONFIG!$A$27:$H$34,3,0),0) -> 8 | F6: 46052 | G6: =F6+CONFIG!$B$4 -> 46082 | H6: =G6+CONFIG!$B$5 -> 46089 | I6: =H6+CONFIG!$B$6 -> 46117 | J6: =I6+CONFIG!$B$7 -> 46122 | K6: =J6+CONFIG!$B$8 -> 46124 | L6: =IF(K6<TODAY(),"Received",IF(J6<TODAY(),"At Warehouse",IF(I6<TODAY(),"Port to Warehouse",IF(H6<TODAY(),"Ocean Transit",IF(G6<TODAY(),"Origin Port","In Production"))))) -> At Warehouse
A7: PO-005 | B7: SKU-002 | C7: =IFERROR(VLOOKUP(B7,CONFIG!$A$27:$H$34,2,0),"") -> Running Shoes | D7: 80 | E7: =IFERROR(D7/VLOOKUP(B7,CONFIG!$A$27:$H$34,3,0),0) -> 20 | F7: 46043 | G7: =F7+CONFIG!$B$4 -> 46073 | H7: =G7+CONFIG!$B$5 -> 46080 | I7: =H7+CONFIG!$B$6 -> 46108 | J7: =I7+CONFIG!$B$7 -> 46113 | K7: =J7+CONFIG!$B$8 -> 46115 | L7: =IF(K7<TODAY(),"Received",IF(J7<TODAY(),"At Warehouse",IF(I7<TODAY(),"Port to Warehouse",IF(H7<TODAY(),"Ocean Transit",IF(G7<TODAY(),"Origin Port","In Production"))))) -> Received
A8: PO-006 | B8: SKU-007 | C8: =IFERROR(VLOOKUP(B8,CONFIG!$A$27:$H$34,2,0),"") -> Sunglasses | D8: 60 | E8: =IFERROR(D8/VLOOKUP(B8,CONFIG!$A$27:$H$34,3,0),0) -> 10 | F8: 46113 | G8: =F8+CONFIG!$B$4 -> 46143 | H8: =G8+CONFIG!$B$5 -> 46150 | I8: =H8+CONFIG!$B$6 -> 46178 | J8: =I8+CONFIG!$B$7 -> 46183 | K8: =J8+CONFIG!$B$8 -> 46185 | L8: =IF(K8<TODAY(),"Received",IF(J8<TODAY(),"At Warehouse",IF(I8<TODAY(),"Port to Warehouse",IF(H8<TODAY(),"Ocean Transit",IF(G8<TODAY(),"Origin Port","In Production"))))) -> In Production
